Products;
IQOS 3.0 DUO Starter Kit mit bis zu 60 HEET¬¥s NUR nach Neuregistrierung;
200 St√ºck Pokemon 195 GX 5 MEGA Karte Alle Holo Flash Game Sammelkarten Geschenk;
Pok√©mon1 Sammelalbum Karten 240/324Karten Ordner Portfolio Album Geschenk DE;
20 seltene Pokemon Reverse Holo Karten in Deutsch Sammlung =  Ideal als Geschenk;
100 Pokemon Karten *SELTENE V/GX/VMAX KARTE GARANTIERT* Deutsch;
5x Einkaufswagenchip SOFORT abziehbarer Einkaufswagenl√∂ser Gadget Giveaway;
Ballistol Pfeffer-KO JET Pfefferspray Tierabwehr KO Spray Schutzspray Reizgas;
3 x Stabfeuerzeug XXL Feuerzeug 27 cm lang bef√ºllt und nachf√ºllbar Gasfeuerzeug;
Adventskalender F√ºr deine Liebsten - Schatz - Mann - Frau - Weihnachtskalender;
100 Pokemon Karten Sammlung 10x HOLOS / 1x SELTENE GX Oder V GARANTIERT! Deutsch;
Topps Match Attax Champions League 21/22 Limited Edition LE Karten 2021/2022;
Ballistol Pfeffer KO JET Pfefferspray Tierabwehr KO Spray Schutzspray Tierabwehr;
Ungarischer Gulaschkessel 3,3-50L Emaille, Deckel, Feuertopf, Dreibein Dreifuss ;
50 Pokemon Karten mit 7 Glitzernden Holo Karten ‚Ä¢ Deutsch ‚Ä¢ Original ‚Ä¢ Sammlung;
Aroma King 100 Kapseln Kugeln Zigaretten Klick Filter balls wie Hipzz & Hoffmann;
2x UNIVERSAL 300ml FEUERZEUG BUTAN GAS NACHF√úLLGAS FEUERZEUGGAS 2 x;
Pok√©mon1 Sammelalbum Karten 324 Karten 9 Pocket Ordner Portfolio Album Geschenk;
Yu-Gi-Oh! BROL-DE Brothers of Legend DE Karten Auswahl Vorverkauf 02.12.21;
Topps Match Attax Bundesliga 2021/2022 aus allen Sonderkarten aussuchen 21/22;
Asterix Obelix B√§nde zum aussuchen 1-39+11 Sonderb√§nde Zustand ungelesen 1A TOP ;
"Asterix & Obelix Band 39 ""Asterix und der Greif"" NEU";
Ballistol 3er Pack Pfefferspray KO Fog 3 x 50ml Selbstverteidigung Tierabwehr;
Walther PDP Personal Defense Pistol Pfeffersrpay Pistole Abwehrspray Tierabwehr;
100x Pokemon Kartenset Cartoon Spielkarte Kinder GX Sammelkarten 60 V + 40 Vmax;
10 gemischte Parfum Proben Herren Man ;
NEU**Komplettsatz MIRACULOUS MOVIE + allen 8 BPZ von Ferrero**NEU;
BIC Maxi J26 Feuerzeuge 5 / 10 / 25 oder 50 St√ºck Original!;
Physionics¬Æ Dart-Scheibe Elektronisch 12 Soft Pfeile E-Dartboard Profi Dartspiel;
Mensch zweiter Klasse Gesund und ungeimpft Impfung Button Anstecker Pin 38 mm;
50 Pokemon Karten mit / 1 Booster / 2 Reverse Holo / 1 Holo DE;
Streichh√∂lzer Z√ºndh√∂lzer Streichholzschachtel 608 bis 19000 St√ºck -16/50/100/500;
Zauberstab Harry Potter Magic Wand Draco Malfoy Geschenk Cosplay Spielzeug Toys;
Topps Match Attax Bundesliga 2021/2022 Adventskalender mit  2 Limitierte  21/22;
IQOS 2.4 oder 3.0 DUO Starter Kit mit bis zu 60 HEET¬¥s NUR nach Neuregistrierung;
Ballistol Pfeffer-KO Pfefferspray Tierabwehr KO Spray Schutzspray Reizgas/;
Aperol Spritz 1919 Cocktail Glas, NEU - 6er SET!!! Neues Sortiment 2021!;
MOTIV W√ÑHLBAR 50 St√ºck Feuerzeuge Nachf√ºllbar Elektronik Feuerzeug im Display;
ONVAYA¬Æ Getr√§nkehalter schwarz | Tassenhalter | Getr√§nketr√§ger | Becherhalter;
Ballistol 3x 50ml Pfefferspray Set Tierabwehrspray FOG Abwehrspray KO Spr√ºhnebel;
5 x Einkaufswagenchip abziehbar Pfote Einkaufswagenl√∂ser Metall Optik;
M√§nnliche Schaufensterpuppe Schaufensterfigur Mannequin Puppe 185cm MPGM19;
‚òÜ Zigarettenetui - CHROME - 6 Dekore - 18 Zigaretten (Zigarettenbox Etui Box);
GIZEH Black King Size Slim Tips je 34 Blatt Papers Filter Tranporth√ºlle  ;
Topps Match Attax Bundesliga 2021/2022 Starterpack Display Mega Tin  21/22 ;
‚Ç¨19,80/100 g R√§ucherset R√§uchersortiment R√§ucherharz 9 Sorten + Geschenk - 50 g ;
50 Pokemon Karten, Booster, mit Holos und GX/V/VMax GARANTIERT! Pokemon Sammlung;
Wurm - Weihnachtsmarktst√§nde f√ºr Ihr Weihnachtsdorf;
Sturmfeuerzeug Turbo Feuerzeug Outdoor BLACK RUBBER 1-5 Stk JET FLAME Torch ;
Yugioh! Karten Sammlung 100 St√ºck! G√∂tter Obelisk Slifer Magier Holos NM NEU!;
CLIPPER Classic Feuerzeug Serie Lighter Flint Design Original Set Mix Gas 2020;
Tortenaufleger Fototorte Geburtstag Einschulung - selber personalisieren;
Zigarettenstopfmaschine Zigarettenstopfer Stopfmaschine Zigaretten Tabak Stopfer;
Auswahl TIM UND STRUPPI Comic 0 - 24 Carlsen NEU Ab 2 St√ºck VERSANDKOSTENFREI;
1-100 St√ºck EWIGES STREICHHOLZ Benzin Feuerzeug Sturm Feuerstein Metall Z√ºndholz;
BMW M Motorsport Thermobecher Silikonring Designstreifen 80235A0A719 Angebot new;
3D Schneekugel Spieluhr Kugel Weihnachtsmann Weihnachtsszene aus  echtem Glas;
 R√§ucherkegel R√ºckfluss Wasserfall R√§ucherkerzen 10 St√ºck Weihrauchbrenner;
50 x Elektronische Feuerzeuge Elektronik Feuerzeug Nachf√ºllbar auf Display NEU;
Wetelux LED Rentier mit Schlitten, warmwei√ü;
Zippo Feuerstein Flint, 18 St√ºck im Spender - Zippo Feuerzeug - Benzin;
Sturmlaterne Lampe Petroleumlampe √ñl Lampe Vintage Camping Docht Petroleum 24 cm;
Atemschutz  AUER Sicherheitstrupptasche + Druckminderer (Vollmaske , Respi Hood);
Glo Device Starter Kit Hyperkit Tabak Erhitzer + 80 Neo Sticks / iqos / Heets;
Top - Mischung Edelsteine roh Madagaskar √ò 30 - 50 mm Wassersteine Heilstein Mix;
R√§ucherst√§bchen Goloka Satya HEM Incense Agarbatti Duftst√§bchen Nag Champa Duft;
NEU***Komplettsatz DIE SCHL√úMPFE - GOLDEDITION + allen 8 BPZ von Ferrero***NEU;
Yu-Gi-Oh! Brothers of Legend Display 1. Auflage Deutsch BROL Neu & OVP;
50 Einweg Feuerzeuge Verkaufsdisplay Reibrad Feuerzeug mit Kindersicherung NEU;
IQOS 3.0 Kit Duo OHNE REGISTRIERUNG!;
USB Elektro Feuerzeug Elektronisches Sturmfeuerzeug Wasserdicht mit Geschenkbox;
Vintage Original Starter MLB - Basecap Cleveland Indians Youth¬† 90` Jahre NEU;
3 x Universal Feuerzeuggas 300ml Nachf√ºllgas Feuerzeug Gas 3021250190027;
Topps Match Attax Bundesliga 21/22 Matchwinner Club 100 Sonderkarten 2021/2022;
Walther ProSecur Pfefferspray Jet FOG Abwehrspray Tierabwehr Selbstverteidigung ;
Pokemon Sammelalbum Schwert & Schild 2 - DIN A4 f√ºr 252 Karten Ultra Pro;
Comics Asterix & Obelix Sammlung Band 38 Die Tochter des Vercingetorix ungelesen;
HQD Cuvie Ice Cola ‚úÖ‚úÖ‚úÖ E- Shisha To Go ca.300 puffs ‚ö†Ô∏èKostenloser Versand ‚ö†Ô∏è;
BIC Maxi Schwarz J26 Feuerzeuge 5 / 10 / 25 oder 50 St√ºck Original!;
Lego Ninjago Serie 6 Next Level Trading Card Game aus allen 126 Karten aussuchen;
24 Nicobuster Micro Filter Zigarettenspitze 30er Pack=Originial Display;
CLEARFEE Zigarettenfilter 600 St√ºck Filter Nikotinfilter Zigarettenspitze;
Eden Hazard Pitch Kings 2019/20 Chronicles Real;
R√§ucherkohle Kohletabletten R√§ucherwerk R√§uchertabletten R√§uchern Kohle Berk;
Premium Vorteilspaket Zigarettenfilter 300 St√ºck Zigarettenspitzen MicroFilter;
üîî Ersatzbirnen Spitzkerzen 34 V 3erSet  f√ºr Schwibbogen Lichterbogen E 10;
OCB Filter Tips perforiert | 25 Heftchen mit je 50 Tips | Inkl. Karton;
Tischkalender Querkalender Wochenkalender Schreibtischkalender Tischquerkalender;
3D Nagelbild Pinart Pinpressions Nagelspiel Nagelbrett Pinpressions Deko 21x16cm;
3 Sturmfeuerzeug flexibel Stabsturmfeuerzeug Stabfeuerzeug Feuerzeug Sturmflamme;
Harry Potter Zauberstab Dumbledore Hermione Draco Malfoy Cosplay Wand Stab Boxed;
Yu-Gi-Oh! Brothers of Legend (BROL-DE) KARTENAUSWAHL  DEUTSCH / 1.AUFLAGE;
Geldgeschenk Flaschensafe Hochzeitsgeschenk Weihnachten Geburtstag;
IDB20 Krippenzubeh√∂r Indirekte Beleuchtung H√ºgel mit Mauer 5 cm E10 Gl√ºh Birne;
Clipper Feuerstein Universal Flints Feuersteine f√ºr Feuerzeuge Lighter Blister;
Sturmfeuerzeug Flambierer Bunsenbrenner Feuerzeug Jet Flamme Turbo Gas Brenner;
Zigarettenstopfer GIZEH Silver Tip Boy Stopfer (Stopfmaschine, Stopfger√§t);
IQOS 3.0 DUO Starter Set mit bis zu 60 HEET¬¥s NUR bei Neuregistrierung;
"Edelstein-Set ""Colludo"" | Nat√ºrliche Trommelsteine in verschiedenen Gr√∂√üen";
Zippo Original Sets Feuerzeugbenzin Feuersteine Flints Docht Wick Watte Filz;
5 x Einkaufswagenchip Gesicht sofort abziehbar Einkaufswagenl√∂ser Metall Optik;
100 Pokemon Karten - GX/V/VMAX garantiert - 20 Rares/Holos - deutsch - Sammlung;
Einkaufswagenl√∂ser Schl√ºsselanh√§nger Trolley Spoon (silber), Gravierte Botschaft;
Die Olsenbande - Das Spiel - SPIKA Replika Neuware 190278 versandkostenfrei;
1000 Eindrehfilter im Beutel , Slim,6 mm  zum Zigaretten drehen  Drehfilter  ;
Stadionprogramm TSV 1860 M√ºnchen vs. Mannheim & Magdeburg 2021/22 Nr. 9 + 10;
Topps Match Attax Bundesliga  2021/2022 - 1x Adventskalender inkl. 2x LE Cards ;
USB Elektrisches Feuerzeug BBQ Lichtbogen Feuerzeug Plasma Stabfeuerzeug DHL;
Zigarettenfilter Nikotinfilter Teerfilter Zigarettenspitzen Zigarettenaufsatz;
Der Andere Advent ADVENTSKalender 2021 letzte Exemplare;
Topps Match Attax Bundesliga 2021/2022 1 x Display / 36 Booster 21/22 Neu;
1 kg Top Mischung Edelsteine roh Madagaskar √ò 30 - 50 mm Wassersteine Heilstein;
Siegelwachs Tablette Set Wachssiegel Stempel Kit Vintage Wachsperlen mit w√§rmer;
Powermatic Mini AKTUELL Zigarettenstopfmaschine Zigarettenstopfer Stopfmaschine;
Juicy Jays King Size Papers Bl√§ttchen Slim Long Papers Aroma Geschmack 32x Papes;
 500 √úberallz√ºnder Streichh√∂lzer Z√ºndh√∂lzer Outdoor Camping BW Prepper;
Der andere Advent;
Pok√©mon1 Sammelalbum Karten 240/324 Karten Ordner Portfolio Album Geschenk Neu;
:-))  Kanna Extrakt  100:1   ***   + Gratis Zugabe;
Einkaufswagenchips 5 - 100 Griffrand viele Farben, sortiert oder bunt gemischt;
Topps Match Attax Bundesliga 2021/2022 Limitierte Auflage aussuchen 21/22 ;
Shiny Ditto Pok√©mon Strahlender Diamant/Leuchtende Perle / 6DV LVL100 / Japanese;
Nicobuster Zigarettenspitzen 24 P√§ckchen √† 30 St√ºck;
Blitz Pfeifenreiniger 80 St√ºck pro Pack  Konisch Rot/Weiss Pfeifenputzer SPARSET;
Pokemon Sammelalbum 324 Karten 9 Pocket Portfolio Pikachu Album Geschenk Neu;
Topps Match Attax Bundesliga 2021/2022 Starterpack Sammelmappe 21/22;
50 Pokemon Karten im super Zustand, keine doppelten! alle deutsch!;
Original US Munitionskiste Munikiste Nato Transportkiste Werkzeugkiste Ammo Box;
Beyblade Burst Starter 4D Bayblade Spielzeug Geschenk + Launcher Mit Box Satz DE;
Zippo Klassiker GeschenkSET mit WUNSCH GRAVUR Zippo chrom geb√ºrstet + 1 Benzin ;
OCB Mikromatic DUO Stopfer Micromatic Zigarettenmaschine Stopfmaschine ;
Naruto Kakashi Anime Kapuzen Sweatshirt Langarm T-Shirt Hoodie Pullover Cosplay;
Oman reiner Weihrauch 40g Boswellia sacra Dhofar  Kirchenqualit√§ 1148;
Topps Match Attax Champions League 2021/2022 Basis Karten Nr_1-243 Edition 21/22;
Feuerzeugbenzin ZIPPO Benzin Original Benzin je 125 ml Zippo Feuerzeuge;
Original Wolldecke der Bundeswehr BUNDESEIGENTUM BUND 200 x 210 cm Pferdedecke ;
Weihnachtsgeschenk Oma Opa Geschenk Weihnachten Gro√üeltern Geschenkkorb;
10x Gizeh Menthol Extra Filterh√ºlsen;
Frutta Click H√ºlsen mit Geschmack 100er Packung in vielen Varianten erh√§ltlich;
LENA MEYER LANDRUT: TOLLES Foto.S√§ngerin.EUROVISION SONG CONTEST SIEGERIN 2010#4;
6x 300ml Universal Feuerzeuggas Nachf√ºllgas Feuerzeug Gas (0,64 EUR / p.100 ml.);
Menthol Aromakarten HIPZZ 20 St√ºck   (wie Rizla)  - Flavor Cards / Aroma Karte;
Avengers Nr 5 Marvel Comics ## Topzustand ##;
Sturm Feuerzeug Flamme Gas Metall Turbo Wind Jet nachf√ºllbar Piezo Z√ºndung;
BUTANGAS UNIVERSAL 300ml FEUERZEUG BUTAN GAS NACHF√úLLGAS FEUERZEUGGAS;
"Baseballschl√§ger ""American Baseball"" Holz natur Holz silber Alu 26"" 30"" 32""";
Einkaufswagenchip Gesicht sofort abziehbar Einkaufswagenl√∂ser;
100 Pokemon Karten BOOSTERFRISCH / TOP PREIS/ DEUTSCH / ORIGINAL /;
smk+ Premium Zigarettenfilter Zigarettenspitzen l Reduziert Teer & Nikotin;
Topps Match Attax Champions League 2021/2022 2 x Update Multipacks  21/22;
Topps Match Attax Bundesliga 2021/2022 Adventskalender inkl. 2 Limitierte  21/22;
3x FEUERZEUGGAS 300ml UNIVERSAL FEUERZEUG GAS BUTAN NACHF√úLLGAS BUTANGAS 3 x;
2.7M Weihnachtsgirlande mit Fernbedienung 100LED Lichter Weihnachtskranz Dekor;
3 x Feuerzeug biegsam flexibel Gas XXL Stabfeuerzeug 27 cm lang nachf√ºllbar;
50 Regenbogenlose Tombola Lose Tombolalose Gewinnlose Nummern von 1-1000 w√§hlbar;
500 g XXL Achat bunt Trommelsteine A - Qualit√§t Brasilien √ò 30 - 60 mm;
Fresh Bomb Duo Berry Mint CLICK H√ºlsen Zigarettenh√ºlsen (100 St√ºck-Packung);
Wurm - Figuren 43, H√∂he 3,0-6,0 cm, Weihnachtsdorf;
ZiPPO chrom geb√ºrstet KLASSIKER SET ZiPPO Feuerzeug + ZiPPO Benzin ZiPPO Steine ;
Mini Alu Grinder Crusher Sieb Tabak Gew√ºrz Kr√§uter M√ºhle 40mm Silber Metall Herb;
Adventskalender Herren 24 D√ºfte Proben Beauty Parfumproben Duftproben M√§nner Men;
500 g XXL gro√üe Trommelsteine - bunte Mischung A - Qualit√§t √ò je 30 - 65 mm gro√ü;
Harry Potter Zauberstab Dumbledore Hermine Wand Magische Cosplay Geschenk DE;
Sterntaufe als Gl√ºcksbringer - Stern kaufen; Personalisiertes Geschenk mit Namen
Pokemon Karten Adventskalender | 24 tolle √úberraschung | Viele Holo & V Karten;
Deutschland Fahne Fagge Fahne Deutschland 150cm x 90cm mit √ñsen Flagge Germany;
220 Zigarettenfilter Zigaretten Spitze Nikotin Teer Filter Mundst√ºck Aufsatz ;
LEGO Harry Potter Figuren Serie 71022 71028 1 2 Alle Minifiguren Figuren Auswahl;
5x Mini Stabfeuerzeug Mini Gas Feuerzeug Sturmfeuerzeug - leicht nachf√ºllbar;
Knaster Hemp 35 g tabakfreie R√§uchermischung ohne Nikotin (Hanfaroma);
ZIPPO ORIGINAL Zubeh√∂r 6 Flaschen BENZIN a125 ml + 3 x 6 Feuersteine Flints;
‚òÜ 2 x Zigarettenbox XXL - BIG COLOR marmoriert - 32 Zigaretten (Zigarettenetui);
Clipper Feuerstein Universal 9 Flints Feuersteine Feuerzeuge Lighter 2X Blister;
handpolierte Labradorit Handschmeichler d√ºnn & oval √ò 35 - 65 mm  AA - Qualit√§t;
Aromakapseln Kugeln Perlen Balls Pops Aroma King & Hoffmann BLACK WEEK ANGEBOT;
Comics Asterix & Obelix Sammlung Band 39 Asterix und der Greif  Softcover  NEU;
Gossen Voltmeter Vintage 1000Volt Bakelit 22x20cm gro√ü unbenutzt;
Yugioh! Yusei Fudo - Sternenstaub Karten - Deck Set, Drache Synchron Satelliten ;
LTB Lustiges Taschenbuch  - 517 518 519 521 522 523 524 526 527;
Nicobuster Zigarettenfilter Zigarettenspitzen Micro Filter Nikotinfilter;
JOHN SINCLAIR Nr. 2264 - Liliths Liebling - Ian Rolf Hill - NEU;
Mini micro Trommelsteine Granulat Chips Ladesteine Entladesteine viele Sorten;
Gizeh Black Fine Magnet 100 Bl√§ttchen SPARPAKET GR√úN;
GLO Tabakerhitzer + 80 NEO Sticks (20,-‚Ç¨) GRATIS nach GLO Newsletter Anmeldung*;
100 Pokemon Karten *SELTENE GX/V KARTE GARANTIERT* (Deutsch/Boosterfrisch) ;
Zippo Lighter Fluid 125ml, Benzin 60001215;
Feuerzeugbenzin ZIPPO 2 x Original Benzin je 125 ml Zippo Feuerzeuge;
Asterix B√§nde 1-39 ,Sonderb√§nde und komplette S√§tze zum aussuchen,TOP ZUSTAND;
Topps Match Attax Champions League 2021/2022 Basis Karten Nr_244-387  21/22;
24 x Top Edelsteine Adventskalender Weihnachtskalender Edelsteine L 20 - 35 mm;
Krippenzubeh√∂r - Kometenstern -goldfarben -Holz elektr. Beleuchtung - 9 cm;
700 Stck XL Streichh√∂lzer 10cm Streichholz Sicherheitsz√ºnder Kamin Kerzen Ofen;
Mini Runenset - Runensteine aus Holz - Runen des √§lteren Futhark;
