Products;;
Miniatur Deko Sets, Backen Haushalt Backstube, Zubeh√∂r Wichtel-Streiche;;
Deko Werkzeug + Putzmittel 3-10cm Miniatur Zubeh√∂r Minigarten Wichtel, Hobbyfun;;
Schablone Mini Fu√üspuren 2,2 cm oder Umzugskartons 3x2x2 cm - Wichtel Einzug;;
Hansmeier | Hirsch-Wanddeko aus Metall | 51 x 51 cm | Hirschkopf Geweih Deko;;
Engel basteln Bastelset Dekofigur Figur Bastelanleitung  LED Licht Lichterkette;;
Wichtelm√∂bel Garten 3-16cm Feuerstelle Toilette Holz M√∂bel rustikal Wichtel Stf;;
Miniatur Schuhe + Sport Zubeh√∂r Golf Ski Baby Mini Dekofigur, Puppenhaus Wichtel;;
Miniatur Maler Set, Mini Deko Eimer, Pinsel, Malerrolle Zubeh√∂r Wichtel Streiche;;
Miniatur Briefkasten oder Laterne 2,5-8 cm Wichtel Deko Post Puppenstube;;
Miniatur Verkehrsschilder 2,5-5 cm Pylonen Absperrung Baustelle - Wichtel Einzug;;
Miniatur Deko N√§hen Hobby Haushalt 1-15 cm Wichtel Waschtag Puppenhaus Zubeh√∂r;;
Deko Set Schneemann 4er  Winter-Deko Weihnachten ;;
Wichtel stehend Jutebeutel - 2er Set - 40 / 30 cm - Weihnachts Deko Weihnachten;;
Hirsch Rentier Elch Figur Weihnachten Weihnachtsdeko 30 cm silber 700001322;;
verr√ºckter Engel Schutzengel Weihnachtsengel Strubbel-Engel Deko Weihnachtsdeko;;
Industriedesign Totenkopf Var. 2/2 silber Dekofigur Schrauben Sch√§del skull;;
S√º√üe Keramik Elefanten als Paar in Schwarz & Wei√ü - Skulptur Elefant Deko, Figur;;
Miniatur Lebensmittel K√ºchen-Gegenst√§nde Deko Zubeh√∂r f√ºr Wichtel Feen ua Stf;;
Formano Skulptur B√ºste Liebe Paar Sockel Kunststein 716033 Objekt Deko schwarz;;
Miniatur Werkzeug 4-13 cm Garten K√ºchen Zubeh√∂r Minigarten Deko Wichtel;;
Wichtel Weihnachten Deko Figur Weihnachtswichtel Gro√ü Weihnachtsfigur aus Filz;;
Tanne 8-10 cm teils LED-Beleuchtung Weihnachtsbaum Kerzen 2 cm, Kugeln Wichtel;;
Wichtelm√∂bel Garten 2,7-10cm Stall Berufe Garten Holz M√∂bel rustikal Wichtel Stf;;
Miniatur Hobby Freizeit 2-15cm Zubeh√∂r, Sport Tafel Darts Kegeln, Wichtel;;
Weihnachtsmann Kantenhocker Nikolaus Santa mit Schlitten Deko Weihnachten ;;
"COOL MAN 501 Schneemann ""wo ein Wille ist..."", Pf√ºtzenflitzer, Karsten Braune";;
Miniatur Deko Wellness Sauna 2-15 cm Hobby Zubeh√∂r f√ºr Wichtel Feen;;
Swarovski Holiday Ornament 2019 Edition Rot¬† (Mit Mengenrabatt);;
6 St√ºck Schafe Set Tierset Krippenfiguren Dekoration Krippenzubeh√∂r Osterfigur;;
Klettern Mann Harz Eisendraht Wandbehang Dekoration Skulptur Figuren;;
Miniatur Lebensmittel 1,5-5 cm, Haushalt Deko Backen zB f√ºr Wichtel, Hobbyfun;;
Miniatur Verkehrsschilder 2,5-5cm Pylonen Absperrung Baustelle Wichtel Hobbyfun;;
Miniatur Getr√§nke 3-5 cm, Sektk√ºhler Wein Lebensmittel Zubeh√∂r Wichtel, Hobbyfun;;
Miniatur Lebensmittel Geschirr 1,5-5 cm, Deko Zubeh√∂r zB f√ºr Wichtel, Hobbyfun;;
Weihnachtsmann XXL Santa Weihnachtsfigur Nikolaus Weihnachtsdeko Advent;;
Rost Kerze Edelrost Garten Deko - Weihnachten Advent Metall Kerzen Herbst Winter;;
Hirsch liegend mit Geweih silber H 15 cm St√ºckpreis;;
10mm Wolfram W√ºrfel Barren rein (99.95% W);;
 Leuchtengel LED mit Heiligenschein Bastelanleitung Bastelset Engel basteln;;
Klettern Mann Harz Eisendraht Wandbehang Dekoration Skulptur Figuren NEU;;
Porzellan Figur Tiger mit Glocke Gschel 12cm Symbol Neues Jahr 2022 —Å—É–≤–µ–Ω–∏—Ä —Ç–∏–≥—Ä;;
Swarovski Figuren;;
LED Holz Deko Tannenbaum Weihnachtsbaum oder Haus Design Weihnachten;;
"Wandh√§nger ""Feder"" aus Metall, gold, 99 cm hoch, Wand Deko Schmuck H√§nger";;
Winterkinder Deko Figur Winter Weihnachten Schnee Tischdeko Kinder Schneeball ;;
Hirsch + Reh liegend silber 2 St√ºck Dekohirsch Dekoreh Gesteckdeko Kranzdeko;;
Kirche aus Holz mit LED Beleuchtung, Weihnachts Leucht Deko Advents Lichter Haus;;
Deko Nikolaus Porzellan LED Figur wei√ü Weihnachten Tischdeko Beleuchtung ;;
Harz Paar Charakter Skulptur Deko Figur Geschenk Statue Haushalt Dekoration Neu;;
Deko Tannenbaum LED Beleuchtung Weihnachten Schneemann Weihnachtsbaum Holz Licht;;
Willow Tree - QUIETLY - selten und rar!!!;;
Yoga-Elefant;;
XL Herbstkind Junge Deko Figur Gartenfigur Herbst Winterdeko Herbstdeko;;
ROSENTHAL Porzellan Figur Hund üêï ;;
deko Engel LED Glaskugel Farbwechsel Beleuchtung Engelchen Figur Weihnachtsengel;;
Miniatur Lebensmittel 3-7 cm, Kino Freizeit, Wichtel Zubeh√∂r Dekofigur Hobbyfun;;
Stern Holzstern Mango Mangoholz Braun Natur Deko Tischdeko Holzdeko;;
Mini Korb 2,5-12 cm, K√∂rbchen in verschiedenen Formen, Wichtel, Hobbyfun;;
6 x Dekohaus Towny Holz H√∂he 15-23,5 cm natur, Winter, Weihnachten, Tischdeko;;
Schneemann mit grau-wei√üer Strickm√ºtze 11 cm Set;;
Miniatur Deko Sets, Schule Einschulung, Zubeh√∂r Wichtel Streiche Hobbyfun;;
1X Alphabet Sparschwein Buchstaben Spardose Sparb√ºchse H√∂lzern Geschenke Kinder;;
12x Gl√ºcksschwein Glitzer Gl√ºck Schwein Gl√ºcksbringer Silvester Neujahr Deko;;
Wandskulptur Medusa Schlange H√§ngekonsole Antik Wandkonsole Wandkopf Frauenkopf;;
Miniatur Sauna Zubeh√∂r 3-teilig Polyresin Thermometer Bottich Kelle Geldgeschenk;;
Schutzengel LED mit Heiligenschein Bastelanleitung Bastelset Engel basteln;;
Massive Dekos√§ule 3er Set MAKASSAR 80cm Sheeshamholz Beistelltisch Blumens√§ule;;
Maxxmee Dekostele Eule  Deko-Element mit LED¬¥s !! ab 1 Euro !! ;;
24 St√ºck Gl√ºcksschweinchen auf Kleeblatt Mini Gl√ºcksbringer Marienk√§fer Hufeisen;;
Hutschenreuther Weihnachtskugel Tannenbaum ;;
Tanne 6-15 cm Hecke 30cm Miniatur, Dekofigur Weihnachten, Wichtel B√§ume Hobbyfun;;
Swarovski Weihnachtsstern 2021 gro√ü NEU Christmas Ornament Stelle NEW 5557796;;
Solar-Wackelfigur Simon's Cat mit M√ºtze;;
Dekofiguren Together ;;
Lichthaus G.Wurm  Zubeh√∂r Winterdorf Marktstand St√§nde Weihnachtsmarkt Figuren;;
Kugelspiel Pendulum Wave;;
Gelb Magische W√ºrfelstatue Blau Glas Skulptur Dekoration Magik Chromaw√ºrfel;;
Wanddeko BRONZE MARBLE SUN √ò74cm Metall Wandskulptur 3D Bild Wandrelief;;
Miniatur Deko Sets, Camping Urlaub Campingplatz Wohnwagen Zubeh√∂r f√ºr Wichtel;;
"Wiege Kugelsto√üpendel Kugelpendel Pendel Deko ""Top Qualit√§t"" T8450 ";;
Nacht Eule - Lustige Figur - Geschenk witzig Spa√ü;;
Spardose als Tier Sparschwein Tierform f√ºr Kinder Sparb√ºchse M√§dchen Jungen Gro√ü;;
Charakter Statue Skulptur 3D durch die Wand Kletterender Mann Wandkunst;;
2 Grosse Engel;;
Goebel Lichterbaum mit Eichh√∂rnchen Tannenbaum Winterwald 23,5 cm Windlicht 1657;;
1X Kreative Klettern Mann Harz Eisendraht Wandbehang Dekoration Skulptur Figuren;;
Sch√∂ne Geschenkidee Personalisiert | 3D Glas Herz mit Gravur | LED Leuchtsockel;;
T√ºrklopfer Skulptur Harz Statuen Figuren T√ºrklinken Kunst Dekor f√ºr Zuhause;;
Deko Leiter Altes Holz - 2 Gr√∂√üen - Vintage Leiter Wand Dekoration Shabby Retro;;
Goebel Nina & Marco Weihnachtsb√§ckerei 'Lebkuchenb√§ckerei';;
Hutschenreuther Weihnachtskugel Tannenbaum mit Elch;;
"Tiziano-"" Schneeflocke "" Figur";;
3er Set Wichtel - 33 cm - Geschenk Figuren stehend - Weihnachten Dekoration;;
Retro Eifelturm Modell Skulptur Statue Dekoration Geschenk, 22-38cm;;
Swarovski Weihnachtsstern 2019 gro√ü Christmas Ornament Stelle di Natale mit OVP;;
Elefanten Sitter Figuren,Elephant Sitter Hand-Painted Figurines,3er-Set han;;
Schmuckbox Schneeeule auf B√ºchern Fantasy Figur Schatulle 12 cm Veronese;;
Skulptur ‚ÄúFamilienbande‚Äù - Deko Elefant - Figur Elefanten Dekoration Deco Statue;;
Hansmeier | Hirsch-Wanddeko aus Metall | 75 x 75 cm | Hirschkopf Geweih Deko;;
Mutter Gottes mit Jesukind handbemalt auf Sockel Marienfigur mit Kind Madonna;;
Miniatur Lebensmittel 2-5 cm Deko B√§ckerei Back Zubeh√∂r f√ºr Wichtel Stf;;
wei√üer Baphomet,  Fantasy Figur 25 cm Gothic Magie Templer Satan Eliphas Levi ;;
100x3M-Fu√ü; Gummi-F√º√üchen selbstklebend; 8mm schwarz (Gummi-Puffer) Silikon-F√º√üe
Goebel Engel Jahresengel Jahresengelgl√∂ckchen Jahreskugel Jahresglocke  2021 ;;
Willow Tree Figur SOAR by Susan Lordi Emporsteigen Dekofigur Engel 27173 NEU;;
Miniatur Laptop PC B√ºcher 3-4cm B√ºro-Zubeh√∂r Haushalt-Dekofigur Wichtel Hobbyfun;;
Miniatur Spielplatz aus Metall 10-16 cm Wichtel Feen Minigarten Hobbyfun;;
Mini Wichtelt√ºr 8-10 cm, Eingang, T√ºr Leiter, M√∂bel Wichtel Elfen, Hobbyfun;;
"Glasdeko ""Qualle"", Briefbeschwerer, Dekoobkjekt, Glas";;
Dekoration Note Musik (Holz) Wanddeko Wandschmuck Notenschl√ºssel Led Licht 60 cm;;
2er Set Gartedeko Weihnachten Edelrost Gartenstecker Dekostecker Tannenbaum;;
Wichtel Weihnachten 3er Set LED Fensterdeko Wichteln Deko Baumschmuck zum H√§ngen;;
"H√§ngerdeko Fensterdeko "" Stern & Baum ""  Weihnachten Winter";;
Deko Miniatur Minigarten Diorama 1 schwarzes Radio Kasettenrecorder;;
Schutzengel Handschmeichler Bronze 4,5 cm Engel Figur Kerstin Stark Skulptur ;;
"Goebel Jahresengel 2021 "" Friedliche Weihnachtszeit "" Engel - Jahres-Edition NEU";;
Ludwig van BEETHOVEN B√ºste 30 cm Wei√ü * leichte Patina Deko *;;
Deko Ananas matt gold ca. 26 cm Obst Frucht Dekoration Neu;;
Winterkind M√§dchen mit LED Schneeball Figur Weihnachtsdeko Dekofigur Deko;;
2021 NEU GOEBEL Schneemann Frostiger Kamerad Mein Spielkamerad  kleiner Kristall;;
Dekofigur Tasche Rucksack Koffer Schuh 3-8cm Urlaub-Accessoires Zubeh√∂r Hobbyfun;;
"Goebel Engel "" Weihnachtsgr√º√üe "" Starry Night "" - UVP 49,95 - Weihnachten - SALE";;
Einhorn Fantasy Figur mit Strass Kristall Tattoos 19 cm  lang;;
LED Wichtel wei√ü, silber oder gold zur Wahl;;
Deko-Figur Elefant 16 x 26cm - Deko-Elefant Safari Afrika Deko-Tier;;
Schmuckschale Harry Potter Schneeeule Hedwig Schale Harry Potter Eule Hedwig ;;
Miniatur Leiter aus Holz, 3 x 10 cm Deko Mini-Garten Wichtel-M√∂bel Hobbyfun 166;;
Goebel - Jahresengelgl√∂ckchen 2021 - 9,5 cm - Gl√∂ckchen - Glocke - NEU - OVP;;
Tomte Wichtel mit Z√∂pfen & Herz von N√§√§sgr√§nsg√•rden Weihnachtswichtel;;
Reaper Sanduhr mit schwarzem Sand - Gothic Uhr Sand Eieruhr Zeitmesser Deko;;
S√º√üer Weihnachtsmann Solar Pal Wackel Figur Fensterbank Deko Weihnachten X-Mas;;
Willow Tree SIGN FOR LOVE by Susan Lordi Zeichen f√ºr Liebe Dekofigur Engel Figur;;
Schutzengel f√ºr Autofahrer - Charly - Charlotte - Auswahl;;
Toilettenpapierhalter Schraubenm√§nnchen;;
Shabby Wand Deko Geige Violine Musikinstrument Eisen Antik Braun Rost 43x84c NEU;;
Clayre & Eef Deko Glas Glocke mit Holzboden √ò13x21cm Landhaus oder modern ;;
Gartenzwerg Dekofigur pink gelb orange gr√ºn einfarbig 10cm;;
Miniatur Deko Sets, Wellness Badewanne Sauna, Zubeh√∂r Wichtel-Streiche;;
Deko Engel LED Figur Grabschmuck  Grableuchte Grabengel  wetterfest 16cm;;
Reh und Hirsch Kunstharz liegend silberTischdeko Weihnachten 2er Set;;
Goebel Engel Jahresengel  2007 2008 2011 2013 2014 2015 2016 2017 2019 2020 2021;;
Eulen Figur - Feathered Family - Schneeeule K√ºken Uhu Kauz Dekostatue;;
*XXL Auswahl* witzige Solarfiguren Charaktere Wackelfiguren Geschenk lustig;;
Hummel Hummelfigur Winterdorf  Sommerdorf Krippe Tannenbaum  ( Goebel );;
Statue verliebtes Paar Schwarz & Wei√ü - Dekoration handbemalt - Deko Figur Liebe;;
Kruzifix Jesus Christus Buchenholz mit Metall Korpus 30 cm Wandkreuz Holzkreuz;;
winkende Solar Queen Solarqueen K√∂nigin Solar Solarkraft Solarfigur Sonne Sommer;;
Clayre & Eef Deko Figur Katzen nichts sehen h√∂ren sagen 21x10x15 Keramik 6TE0193;;
Figur Skulptur Deko: Paar  umschlungen Schwarz weiss Liebe: Ca 29 cm Keramik;;
Storch mit Stab 100cm Holz Klapperstorch wetterfest Babyparty Geschenk Geburt;;
gr√ºner Drache mit Dracheauge LED, Fantasy Figur  21 cm hoch ;;
Hirsch Dekofigur Jagdfieber Polyresin braun;;
Deko dicke maritime Badenixe dicke Nana dicke Dame dicke Lady ‚ù§‚ù§ MISS SOPHIE ‚ù§‚ù§;;
Sir William Wallace Figur - Freiheitsk√§mpfer - Nemesis Now Schottischer Held ;;
Swarovski Warner Brothers Tweety in OVP Looney Tunes in OVP 5465032;;
Goebel von Ast zu Ast Winterwald Neuheit 2017 3 B√§ume und V√∂gel 14,5 cm hoch;;
Wendt & K√ºhn NEU 2021 Engel mit Muschel, vergoldet, 650/127/LE in Spanschachtel;;
Stilvolle Deko Katze & Vogel, Figur aus Keramik wei√ü & silber, Katzen Dekoration;;
dunkle  Elfe mit 2 wei√üen W√∂lfen 25 cm hoch, Fantasy Fee Figur;;
Grabschmuck Engel mit Foto Aufschrift und Teelichthalter Trauerstein im Herzen;;
Clayre & Eef Deko Glas Glocke mit Holzboden 19x17x28cm Landhaus modern 6GL2222;;
Wendt & K√ºhn Entdecker, Engel mit Muschel, vergoldet, 650/127 Goldedition Nr.14;;
grosse Drachen Elfe auf Glaskugel Fantasy Figur 24 cm  Fee M√§rchen Dekoratio;;
Spardose als Schwein ca.12x9cm Sparschwein f√ºr Kinder Sparb√ºchse Pink M√§dchen;;
 Engel, Puppe, Kopf, Frau, Fee, Elfe;;
Goebel Engel Viel Gl√ºck Jahresfarbe Winter Berry Neuheit 2021 Himmelsboten 4031;;
S√§ule S√§ulen Barock Antik Stil Gold Blumens√§ule Tisch Ablage 1028-50;;
Dekofigur Baum 8-15 cm Miniatur, B√§ume f√ºr Minigarten, Wichtel ua Hobbyfun 386-;;
Handgearbeiteter Wurzelholz Anker Teak Holzanker Handwerk Teakholz Deko maritim;;
Tanne Tannenbaum Baum Keramik Weihnachtsdeko Deko Weihnachten 17 - 51 cm silber ;;
Miniatur Lebensmittel 2-15 cm Deko Marktstand Markt Zubeh√∂r f√ºr Wichtel Stf;;
Figur Comicfigur Krankenpfleger Berufe witzig der Reihe Funny Jobs 13,5 cm;;
2-teiliges maritimes Deko-Set - Leuchtturm und Segelschiff [Auswahl variiert];;
s√º√üe schlafende Elfe m. Einhorn  Fantasy Figur 16 cm breit  Fee;;
Goebel Verliebte H√§schen Serie Winterwald Neu;;
"Skulptur Frau ""Hilda"" Damen Frauengruppe Dekoration, Polyresin";;
Miniatur K√ºchen-Gegenst√§nde 1,5-4 cm, Haushalt Deko Zubeh√∂r f√ºr Wichtel Feen;;
Kuhnert Mini-Eule 7 cm Holz Sammel Figur Sammler St√ºck Holzkunst Erzgebirge;;
Miniatur Kr√ºge Geschirr 2-4 cm Haushalt Deko Zubeh√∂r Wichtel, Hobbyfun;;
2 Schneeeulen Eulen Baumstamm 13cm sitzend Eule Wald Figur Deko Kauz Uhu wei√ü;;
wundersch√∂ner Engel mit Stern in rechter Hand, 15,5cm, neu;;
Robert the Bruce Figur - K√∂nig von Schottland - Nemesis Now Schottischer K√∂nig ;;
"Kerzenst√§nder Kerzenhalter aus Onyx ""Diveevo"" klein 4,5 cm –ü–æ–¥—Å–≤–µ—á–Ω–∏–∫ –∏–∑ –æ–Ω–∏–∫—Å–∞ ";;
 24 St.Mini V√∂gel Deko Echte Federn Styropor Floristik Basteln Hobby Naturgetreu;;
 B√ÑR Ente Krone braun 13cm Deko  Shabby Vintage Landhaus;;
Trendfarben Hirsch Reh Figur Flock Beflockt Landhaus Deko Farbig Bunte Hirsche ;;
Deko Kugel  Formano 12 cm Home Tischdeko Led Licht + Timer;;
Wendt & K√ºhn Steuermann, klein gelb, 5212/GELB NEU 2021 wertvolle Dekoration 9cm;;
verr√ºckter Engel Schutzengel Weihnachtsengel Strubbel-Engel Deko Weihnachtsdeko;;
Goebel Jahresengel Kugel Glocke Jahresengelgl√∂ckchen 2021 2020 2019 2018 2017 ;;
Goebel Nordische Weihnacht Engel Julbock Tasse Windlicht L√§ufer Scandic Home ;;
COOL MAN 504 Schneemann auf Fahrrad mit Anh√§nger Karsten Braune Winterdekoration;;
